                      $c_{A0}$;                       $Q_{1}$;                       $T_{1}$;                           $L$;                       $c_{A}$;                       $c_{B}$;                       $T_{2}$;                       $Q_{5}$;                       $Q_{4}$;                       $T_{3}$;                       $h_{7}$;                       $u_{1}$;                 $u_{3}=m_{2}$;                       $u_{2}$;                       $r_{1}$;                       $r_{2}$;                       $r_{3}$;                       $r_{4}$;                         CLASS
    0.20000E+02;    0.25000E+00;    0.30000E+02;    0.20000E+01;    0.28500E+01;    0.17110E+02;    0.80000E+02;    0.90000E+00;    0.25000E+00;    0.20000E+02;    0.56250E+05;    0.25300E+02;    0.40700E+02;    0.90000E+00;    0.00000E+00;    0.00000E+00;    0.00000E+00;    0.00000E+00;normal
    0.20250E+02;    0.24911E+00;    0.29678E+02;    0.19896E+01;    0.28465E+01;    0.17337E+02;    0.80175E+02;    0.89761E+00;    0.24964E+00;    0.19966E+02;    0.56306E+05;    0.25189E+02;    0.40749E+02;    0.90340E+00;   -0.15403E-01;   -0.36279E-02;   -0.19922E-03;    0.30605E+00;normal
    0.20050E+02;    0.24942E+00;    0.30192E+02;    0.19842E+01;    0.28232E+01;    0.17178E+02;    0.79744E+02;    0.90219E+00;    0.25223E+00;    0.20212E+02;    0.56269E+05;    0.24941E+02;    0.40321E+02;    0.90138E+00;   -0.23401E-01;    0.11351E-01;    0.35142E-02;   -0.40161E+00;normal
    0.19976E+02;    0.25022E+00;    0.29825E+02;    0.20064E+01;    0.28533E+01;    0.17179E+02;    0.80245E+02;    0.89562E+00;    0.24484E+00;    0.20041E+02;    0.55207E+05;    0.24833E+02;    0.41136E+02;    0.90270E+00;    0.10312E-01;   -0.57904E-02;   -0.34434E-02;    0.36598E+00;normal
    0.20066E+02;    0.25103E+00;    0.30093E+02;    0.19866E+01;    0.28145E+01;    0.17209E+02;    0.80157E+02;    0.89581E+00;    0.25312E+00;    0.19971E+02;    0.55574E+05;    0.25179E+02;    0.41032E+02;    0.90146E+00;   -0.18824E-01;   -0.61717E-02;    0.33288E-02;   -0.22922E+00;normal
    0.20170E+02;    0.25360E+00;    0.30258E+02;    0.20009E+01;    0.28426E+01;    0.17133E+02;    0.80075E+02;    0.90052E+00;    0.24720E+00;    0.19780E+02;    0.57143E+05;    0.24450E+02;    0.40919E+02;    0.91164E+00;    0.19941E-02;   -0.11412E-01;    0.66810E-03;    0.32815E-01;normal
    0.20073E+02;    0.25119E+00;    0.30174E+02;    0.20002E+01;    0.28695E+01;    0.17294E+02;    0.79888E+02;    0.90480E+00;    0.24729E+00;    0.19861E+02;    0.56066E+05;    0.25224E+02;    0.40969E+02;    0.90486E+00;    0.10345E-03;    0.31412E-03;   -0.27345E-02;    0.56176E+00;normal
    0.19962E+02;    0.25217E+00;    0.30079E+02;    0.20182E+01;    0.28520E+01;    0.17045E+02;    0.79781E+02;    0.89424E+00;    0.25362E+00;    0.20058E+02;    0.56468E+05;    0.25291E+02;    0.40791E+02;    0.90122E+00;    0.26803E-01;   -0.92766E-02;    0.32442E-02;    0.28638E+00;normal
    0.19839E+02;    0.24656E+00;    0.30167E+02;    0.19850E+01;    0.28399E+01;    0.16997E+02;    0.80020E+02;    0.90763E+00;    0.24845E+00;    0.19800E+02;    0.56390E+05;    0.24807E+02;    0.40742E+02;    0.89871E+00;   -0.23110E-01;    0.58983E-02;    0.33947E-03;   -0.88536E+00;normal
    0.20003E+02;    0.24949E+00;    0.29974E+02;    0.19985E+01;    0.28582E+01;    0.16889E+02;    0.79951E+02;    0.89169E+00;    0.24726E+00;    0.20136E+02;    0.56295E+05;    0.25170E+02;    0.40585E+02;    0.89673E+00;   -0.33853E-02;   -0.55982E-02;   -0.25205E-02;   -0.76021E+00;normal
    0.20356E+02;    0.24866E+00;    0.30010E+02;    0.19996E+01;    0.28433E+01;    0.17115E+02;    0.79862E+02;    0.90078E+00;    0.24888E+00;    0.19597E+02;    0.56691E+05;    0.25332E+02;    0.40567E+02;    0.89288E+00;   -0.12666E-02;    0.77905E-03;   -0.16228E-02;   -0.87644E-01;normal
    0.19991E+02;    0.25030E+00;    0.30111E+02;    0.19876E+01;    0.28381E+01;    0.17104E+02;    0.80121E+02;    0.89745E+00;    0.25105E+00;    0.20184E+02;    0.56200E+05;    0.25325E+02;    0.40701E+02;    0.90023E+00;   -0.19263E-01;   -0.17978E-02;    0.60616E-03;   -0.50884E+00;normal
    0.19862E+02;    0.25076E+00;    0.30107E+02;    0.20161E+01;    0.28580E+01;    0.17048E+02;    0.79921E+02;    0.90184E+00;    0.25087E+00;    0.20052E+02;    0.56754E+05;    0.25483E+02;    0.39980E+02;    0.89577E+00;    0.23084E-01;    0.15225E-01;   -0.35587E-03;    0.22275E+00;normal
    0.20144E+02;    0.25214E+00;    0.29939E+02;    0.19947E+01;    0.28542E+01;    0.16994E+02;    0.79969E+02;    0.89921E+00;    0.25017E+00;    0.19887E+02;    0.56753E+05;    0.25550E+02;    0.40612E+02;    0.89906E+00;   -0.91898E-02;   -0.23540E-02;   -0.12942E-02;   -0.60787E+00;normal
    0.20065E+02;    0.25116E+00;    0.29975E+02;    0.20031E+01;    0.28507E+01;    0.16971E+02;    0.80180E+02;    0.89813E+00;    0.25367E+00;    0.20065E+02;    0.56962E+05;    0.25215E+02;    0.40970E+02;    0.90310E+00;    0.34931E-02;   -0.13560E-01;    0.36790E-02;   -0.43953E+00;normal
    0.20117E+02;    0.25003E+00;    0.29889E+02;    0.19924E+01;    0.28441E+01;    0.17187E+02;    0.80132E+02;    0.89539E+00;    0.24824E+00;    0.20181E+02;    0.56295E+05;    0.24873E+02;    0.40174E+02;    0.90288E+00;   -0.12835E-01;    0.78024E-02;   -0.18267E-03;   -0.13779E+00;normal
    0.19921E+02;    0.25086E+00;    0.29625E+02;    0.19948E+01;    0.28355E+01;    0.16915E+02;    0.79921E+02;    0.90249E+00;    0.25181E+00;    0.19982E+02;    0.56435E+05;    0.24857E+02;    0.40481E+02;    0.89721E+00;   -0.94477E-02;    0.65526E-02;    0.34494E-02;   -0.90352E+00;normal
    0.20109E+02;    0.24778E+00;    0.29655E+02;    0.19955E+01;    0.28115E+01;    0.17158E+02;    0.80006E+02;    0.90703E+00;    0.24869E+00;    0.19878E+02;    0.56046E+05;    0.25012E+02;    0.40675E+02;    0.89706E+00;   -0.84210E-02;    0.96115E-02;   -0.37508E-03;   -0.22619E+00;normal
    0.20110E+02;    0.24752E+00;    0.29941E+02;    0.20065E+01;    0.28365E+01;    0.17027E+02;    0.80267E+02;    0.90018E+00;    0.24707E+00;    0.20015E+02;    0.56369E+05;    0.25532E+02;    0.40495E+02;    0.90341E+00;    0.80822E-02;    0.44303E-02;   -0.43534E-02;   -0.21943E+00;normal
    0.19826E+02;    0.25054E+00;    0.30277E+02;    0.19974E+01;    0.28733E+01;    0.17294E+02;    0.80169E+02;    0.91255E+00;    0.25062E+00;    0.19950E+02;    0.56309E+05;    0.25472E+02;    0.40533E+02;    0.90347E+00;   -0.56993E-02;    0.16379E-01;   -0.50463E-03;    0.41856E+00;normal
    0.19991E+02;    0.25128E+00;    0.30004E+02;    0.19925E+01;    0.28185E+01;    0.17333E+02;    0.80033E+02;    0.90545E+00;    0.24923E+00;    0.20015E+02;    0.56227E+05;    0.24482E+02;    0.40870E+02;    0.88823E+00;   -0.13063E-01;    0.19974E-02;    0.25729E-02;    0.22097E+00;normal
    0.20065E+02;    0.25239E+00;    0.29989E+02;    0.20091E+01;    0.28072E+01;    0.17290E+02;    0.79920E+02;    0.89919E+00;    0.24775E+00;    0.20007E+02;    0.56511E+05;    0.25447E+02;    0.40421E+02;    0.89586E+00;    0.11895E-01;    0.40568E-02;   -0.32918E-02;    0.56628E+00;normal
    0.19864E+02;    0.24941E+00;    0.30162E+02;    0.19901E+01;    0.28773E+01;    0.17128E+02;    0.79963E+02;    0.90510E+00;    0.25310E+00;    0.20204E+02;    0.56477E+05;    0.25135E+02;    0.40879E+02;    0.89491E+00;   -0.15846E-01;   -0.56707E-03;    0.34975E-02;   -0.27595E+00;normal
    0.19909E+02;    0.24896E+00;    0.30086E+02;    0.19905E+01;    0.28483E+01;    0.17052E+02;    0.79758E+02;    0.89922E+00;    0.25099E+00;    0.20132E+02;    0.56652E+05;    0.25072E+02;    0.40429E+02;    0.89240E+00;   -0.14394E-01;    0.27904E-02;    0.16709E-02;   -0.54975E+00;normal
    0.20182E+02;    0.24713E+00;    0.29820E+02;    0.19945E+01;    0.28334E+01;    0.17207E+02;    0.79897E+02;    0.90816E+00;    0.24851E+00;    0.20075E+02;    0.56271E+05;    0.25153E+02;    0.40124E+02;    0.89561E+00;   -0.83619E-02;    0.21954E-01;   -0.11807E-02;   -0.15545E-01;normal
    0.19905E+02;    0.25067E+00;    0.29865E+02;    0.20000E+01;    0.28152E+01;    0.17018E+02;    0.79980E+02;    0.90046E+00;    0.24849E+00;    0.20027E+02;    0.55580E+05;    0.25050E+02;    0.40905E+02;    0.90773E+00;    0.21713E-03;    0.14182E-02;   -0.75329E-03;   -0.46833E+00;normal
    0.19895E+02;    0.24816E+00;    0.30031E+02;    0.19824E+01;    0.28412E+01;    0.17026E+02;    0.80068E+02;    0.90621E+00;    0.25083E+00;    0.19909E+02;    0.56348E+05;    0.25174E+02;    0.40859E+02;    0.90769E+00;   -0.25520E-01;    0.20538E-02;    0.10756E-02;   -0.87586E+00;normal
    0.20254E+02;    0.25058E+00;    0.29926E+02;    0.20186E+01;    0.28268E+01;    0.17043E+02;    0.80105E+02;    0.90464E+00;    0.24780E+00;    0.19903E+02;    0.55969E+05;    0.25448E+02;    0.40695E+02;    0.89687E+00;    0.28757E-01;    0.73827E-02;   -0.32757E-02;    0.20304E+00;normal
    0.19883E+02;    0.24983E+00;    0.30121E+02;    0.19941E+01;    0.28180E+01;    0.16991E+02;    0.79893E+02;    0.90273E+00;    0.25165E+00;    0.20089E+02;    0.55877E+05;    0.25769E+02;    0.40982E+02;    0.90983E+00;   -0.82435E-02;   -0.52249E-03;   -0.79209E-03;   -0.71255E+00;normal
    0.19963E+02;    0.24873E+00;    0.29938E+02;    0.20021E+01;    0.28500E+01;    0.17026E+02;    0.80037E+02;    0.89537E+00;    0.25104E+00;    0.20211E+02;    0.55973E+05;    0.25257E+02;    0.40408E+02;    0.90378E+00;    0.36309E-02;    0.48302E-02;    0.86823E-03;   -0.29404E+00;normal
    0.20030E+02;    0.25442E+00;    0.30106E+02;    0.19916E+01;    0.28402E+01;    0.17158E+02;    0.80041E+02;    0.89942E+00;    0.25463E+00;    0.19985E+02;    0.56367E+05;    0.25084E+02;    0.40493E+02;    0.89444E+00;   -0.12528E-01;    0.37395E-02;    0.52521E-02;   -0.27552E+00;normal
    0.19952E+02;    0.24939E+00;    0.30123E+02;    0.20017E+01;    0.28557E+01;    0.17292E+02;    0.80126E+02;    0.89966E+00;    0.25025E+00;    0.20196E+02;    0.56152E+05;    0.24925E+02;    0.40609E+02;    0.90694E+00;    0.30594E-02;    0.29495E-02;    0.15626E-02;    0.48496E+00;normal
    0.20318E+02;    0.25181E+00;    0.29906E+02;    0.20006E+01;    0.28376E+01;    0.17097E+02;    0.80124E+02;    0.90343E+00;    0.25142E+00;    0.19734E+02;    0.56123E+05;    0.25250E+02;    0.40736E+02;    0.89927E+00;    0.85445E-03;    0.39729E-02;    0.12756E-02;   -0.19785E+00;normal
    0.19827E+02;    0.24927E+00;    0.30234E+02;    0.20010E+01;    0.28834E+01;    0.17098E+02;    0.79967E+02;    0.90248E+00;    0.24969E+00;    0.20025E+02;    0.56211E+05;    0.25375E+02;    0.40702E+02;    0.90818E+00;    0.12505E-02;    0.31326E-02;   -0.10191E-02;   -0.52762E-01;normal
    0.20004E+02;    0.24751E+00;    0.30267E+02;    0.19997E+01;    0.28483E+01;    0.17247E+02;    0.80038E+02;    0.89732E+00;    0.24670E+00;    0.20005E+02;    0.56639E+05;    0.25157E+02;    0.40549E+02;    0.89929E+00;   -0.99315E-03;   -0.18468E-02;   -0.30280E-02;    0.23424E+00;normal
    0.19823E+02;    0.24866E+00;    0.30218E+02;    0.20178E+01;    0.28440E+01;    0.17184E+02;    0.79927E+02;    0.90348E+00;    0.24994E+00;    0.19925E+02;    0.55475E+05;    0.25834E+02;    0.40446E+02;    0.89489E+00;    0.26223E-01;    0.16021E-01;   -0.28495E-02;    0.58388E+00;normal
    0.20331E+02;    0.24764E+00;    0.30243E+02;    0.19970E+01;    0.28703E+01;    0.17062E+02;    0.80174E+02;    0.89873E+00;    0.24904E+00;    0.19928E+02;    0.56528E+05;    0.24850E+02;    0.40603E+02;    0.89459E+00;   -0.51077E-02;   -0.83609E-03;    0.70963E-03;   -0.33528E+00;normal
    0.19828E+02;    0.25001E+00;    0.30293E+02;    0.20014E+01;    0.28550E+01;    0.17051E+02;    0.79844E+02;    0.90404E+00;    0.25469E+00;    0.19822E+02;    0.56489E+05;    0.25461E+02;    0.40889E+02;    0.88453E+00;    0.67489E-03;   -0.19489E-02;    0.35982E-02;   -0.30437E+00;normal
    0.20013E+02;    0.24852E+00;    0.29912E+02;    0.19994E+01;    0.28482E+01;    0.17263E+02;    0.80235E+02;    0.90529E+00;    0.25303E+00;    0.20003E+02;    0.55931E+05;    0.25425E+02;    0.40445E+02;    0.89957E+00;   -0.21229E-02;    0.14206E-01;    0.21093E-02;    0.25623E+00;normal
    0.20033E+02;    0.25314E+00;    0.29822E+02;    0.20065E+01;    0.28391E+01;    0.17121E+02;    0.80130E+02;    0.90305E+00;    0.24675E+00;    0.19993E+02;    0.55946E+05;    0.24512E+02;    0.40769E+02;    0.90900E+00;    0.77914E-02;    0.42260E-02;   -0.83274E-04;   -0.25919E-02;normal
    0.20128E+02;    0.24878E+00;    0.29977E+02;    0.19964E+01;    0.28851E+01;    0.16769E+02;    0.80033E+02;    0.89371E+00;    0.24914E+00;    0.19901E+02;    0.55960E+05;    0.25625E+02;    0.40551E+02;    0.89947E+00;   -0.77084E-02;   -0.91930E-04;   -0.26650E-02;   -0.12420E+01;normal
    0.20190E+02;    0.24810E+00;    0.30030E+02;    0.20010E+01;    0.28476E+01;    0.16848E+02;    0.80079E+02;    0.89533E+00;    0.24919E+00;    0.19747E+02;    0.56428E+05;    0.25234E+02;    0.40697E+02;    0.89915E+00;   -0.69430E-03;   -0.56541E-02;   -0.88789E-03;   -0.99060E+00;normal
    0.20079E+02;    0.24906E+00;    0.29929E+02;    0.20117E+01;    0.28650E+01;    0.16903E+02;    0.79881E+02;    0.90258E+00;    0.24917E+00;    0.19841E+02;    0.56381E+05;    0.25313E+02;    0.40700E+02;    0.89709E+00;    0.15459E-01;    0.19072E-02;   -0.12807E-02;   -0.47049E+00;normal
    0.19793E+02;    0.24925E+00;    0.30097E+02;    0.20070E+01;    0.28874E+01;    0.17084E+02;    0.79891E+02;    0.89601E+00;    0.24902E+00;    0.20142E+02;    0.57161E+05;    0.25231E+02;    0.40400E+02;    0.88922E+00;    0.76862E-02;   -0.37486E-02;   -0.10539E-02;   -0.20513E-01;normal
    0.20004E+02;    0.24944E+00;    0.30075E+02;    0.19842E+01;    0.28617E+01;    0.17143E+02;    0.80305E+02;    0.89939E+00;    0.25115E+00;    0.19854E+02;    0.56290E+05;    0.25215E+02;    0.40693E+02;    0.90295E+00;   -0.26205E-01;   -0.38439E-03;    0.12021E-02;   -0.59729E+00;normal
    0.20098E+02;    0.25144E+00;    0.30108E+02;    0.19761E+01;    0.28406E+01;    0.17052E+02;    0.79849E+02;    0.90203E+00;    0.24737E+00;    0.20200E+02;    0.56377E+05;    0.25715E+02;    0.40648E+02;    0.91440E+00;   -0.38558E-01;    0.26209E-02;   -0.47911E-02;   -0.11642E+01;normal
    0.20011E+02;    0.24853E+00;    0.30022E+02;    0.19905E+01;    0.28532E+01;    0.17128E+02;    0.79968E+02;    0.90042E+00;    0.24777E+00;    0.19847E+02;    0.56576E+05;    0.24922E+02;    0.40534E+02;    0.89676E+00;   -0.16948E-01;    0.21191E-02;   -0.87402E-03;   -0.46296E+00;normal
    0.19935E+02;    0.24899E+00;    0.30068E+02;    0.19991E+01;    0.28347E+01;    0.16897E+02;    0.80050E+02;    0.90457E+00;    0.25080E+00;    0.19790E+02;    0.56530E+05;    0.25146E+02;    0.40965E+02;    0.90782E+00;   -0.46211E-02;   -0.35474E-02;    0.11234E-02;   -0.96326E+00;normal
    0.20031E+02;    0.25179E+00;    0.29723E+02;    0.19779E+01;    0.28294E+01;    0.17147E+02;    0.80098E+02;    0.90609E+00;    0.25060E+00;    0.20007E+02;    0.56830E+05;    0.25132E+02;    0.40968E+02;    0.90075E+00;   -0.36480E-01;   -0.45010E-02;    0.10457E-02;   -0.84659E+00;normal
    0.20099E+02;    0.24872E+00;    0.29786E+02;    0.19971E+01;    0.28438E+01;    0.17099E+02;    0.79912E+02;    0.90598E+00;    0.25001E+00;    0.19917E+02;    0.55275E+05;    0.24150E+02;    0.40669E+02;    0.89969E+00;   -0.81126E-02;    0.14908E-01;    0.48573E-02;   -0.38730E+00;normal
    0.19914E+02;    0.24791E+00;    0.30290E+02;    0.20089E+01;    0.28448E+01;    0.17036E+02;    0.79951E+02;    0.90575E+00;    0.25012E+00;    0.19960E+02;    0.56705E+05;    0.25167E+02;    0.40627E+02;    0.90617E+00;    0.95097E-02;    0.42167E-02;    0.32475E-03;   -0.21819E+00;normal
    0.20168E+02;    0.24957E+00;    0.30018E+02;    0.20000E+01;    0.28430E+01;    0.17178E+02;    0.79840E+02;    0.90447E+00;    0.25150E+00;    0.19876E+02;    0.56644E+05;    0.25433E+02;    0.40610E+02;    0.90781E+00;   -0.36058E-02;    0.38170E-02;    0.53689E-03;   -0.67592E-01;normal
    0.20126E+02;    0.25057E+00;    0.29715E+02;    0.19939E+01;    0.28407E+01;    0.16826E+02;    0.80221E+02;    0.90433E+00;    0.24943E+00;    0.19894E+02;    0.56808E+05;    0.25299E+02;    0.40491E+02;    0.90756E+00;   -0.12205E-01;    0.51980E-02;   -0.92079E-03;   -0.13048E+01;normal
    0.19981E+02;    0.25092E+00;    0.29935E+02;    0.19851E+01;    0.28521E+01;    0.17061E+02;    0.79752E+02;    0.88692E+00;    0.24758E+00;    0.19859E+02;    0.55593E+05;    0.25442E+02;    0.40877E+02;    0.89745E+00;   -0.25471E-01;   -0.11582E-01;   -0.33820E-02;   -0.84345E+00;normal
    0.20218E+02;    0.25060E+00;    0.30223E+02;    0.20162E+01;    0.28342E+01;    0.17048E+02;    0.79919E+02;    0.89571E+00;    0.25023E+00;    0.20060E+02;    0.56095E+05;    0.25809E+02;    0.40504E+02;    0.90339E+00;    0.21203E-01;    0.19321E-02;   -0.24408E-02;   -0.18311E-02;normal
    0.19863E+02;    0.24981E+00;    0.29725E+02;    0.20170E+01;    0.28237E+01;    0.17120E+02;    0.80004E+02;    0.91129E+00;    0.25120E+00;    0.20145E+02;    0.56316E+05;    0.24872E+02;    0.40579E+02;    0.91141E+00;    0.21528E-01;    0.13990E-01;    0.27225E-02;    0.19131E+00;normal
    0.19907E+02;    0.24745E+00;    0.29770E+02;    0.20177E+01;    0.28361E+01;    0.17049E+02;    0.79981E+02;    0.90222E+00;    0.25197E+00;    0.20211E+02;    0.55772E+05;    0.25270E+02;    0.40650E+02;    0.90302E+00;    0.23012E-01;    0.76084E-02;    0.16929E-02;    0.36603E-01;normal
    0.19863E+02;    0.25286E+00;    0.30161E+02;    0.19967E+01;    0.28318E+01;    0.17153E+02;    0.79849E+02;    0.90479E+00;    0.24889E+00;    0.19812E+02;    0.56248E+05;    0.25441E+02;    0.40457E+02;    0.90742E+00;   -0.80315E-02;    0.10903E-01;   -0.20940E-02;   -0.26942E+00;normal
    0.20081E+02;    0.25194E+00;    0.29906E+02;    0.19936E+01;    0.28685E+01;    0.17103E+02;    0.79884E+02;    0.90311E+00;    0.24931E+00;    0.19831E+02;    0.56407E+05;    0.24932E+02;    0.40606E+02;    0.90912E+00;   -0.12907E-01;    0.44411E-02;    0.61883E-03;   -0.41026E+00;normal
    0.20121E+02;    0.25059E+00;    0.29847E+02;    0.20171E+01;    0.28833E+01;    0.17051E+02;    0.80059E+02;    0.89640E+00;    0.25126E+00;    0.20117E+02;    0.57153E+05;    0.25123E+02;    0.40615E+02;    0.89783E+00;    0.22029E-01;   -0.84101E-02;    0.16428E-02;    0.17583E+00;normal
    0.19814E+02;    0.24915E+00;    0.29960E+02;    0.20043E+01;    0.28653E+01;    0.17410E+02;    0.80084E+02;    0.89535E+00;    0.24964E+00;    0.20187E+02;    0.56308E+05;    0.25776E+02;    0.40780E+02;    0.88814E+00;    0.29324E-02;   -0.66250E-02;   -0.28540E-02;    0.82252E+00;normal
    0.20143E+02;    0.25223E+00;    0.30043E+02;    0.20078E+01;    0.28359E+01;    0.17037E+02;    0.79990E+02;    0.89837E+00;    0.24930E+00;    0.19965E+02;    0.55892E+05;    0.25181E+02;    0.40691E+02;    0.89966E+00;    0.84129E-02;    0.18340E-02;   -0.54898E-03;   -0.29037E+00;normal
    0.20013E+02;    0.25256E+00;    0.30086E+02;    0.20035E+01;    0.28279E+01;    0.17141E+02;    0.80223E+02;    0.90523E+00;    0.24443E+00;    0.20013E+02;    0.56408E+05;    0.24953E+02;    0.40617E+02;    0.88742E+00;    0.14197E-02;    0.62867E-02;   -0.43840E-02;   -0.13773E+00;normal
    0.20080E+02;    0.24952E+00;    0.30025E+02;    0.20144E+01;    0.28122E+01;    0.17180E+02;    0.80090E+02;    0.89496E+00;    0.25071E+00;    0.20244E+02;    0.56984E+05;    0.24960E+02;    0.40499E+02;    0.89993E+00;    0.17759E-01;   -0.57599E-02;    0.18339E-02;    0.25816E+00;normal
    0.20037E+02;    0.24985E+00;    0.29802E+02;    0.20000E+01;    0.28126E+01;    0.17290E+02;    0.79918E+02;    0.89884E+00;    0.25260E+00;    0.19974E+02;    0.56076E+05;    0.25116E+02;    0.40396E+02;    0.89874E+00;   -0.43383E-02;    0.77626E-02;    0.30586E-02;    0.14693E+00;normal
    0.19843E+02;    0.25074E+00;    0.29961E+02;    0.19865E+01;    0.28846E+01;    0.17007E+02;    0.80048E+02;    0.89045E+00;    0.25431E+00;    0.20130E+02;    0.55334E+05;    0.25001E+02;    0.40933E+02;    0.91213E+00;   -0.24179E-01;   -0.72732E-02;    0.53209E-02;   -0.88297E+00;normal
    0.19778E+02;    0.25250E+00;    0.30010E+02;    0.19914E+01;    0.28528E+01;    0.17108E+02;    0.80081E+02;    0.90413E+00;    0.25052E+00;    0.20118E+02;    0.56177E+05;    0.24745E+02;    0.40706E+02;    0.90182E+00;   -0.17343E-01;    0.49487E-02;    0.26746E-02;   -0.53910E+00;normal
    0.19889E+02;    0.25122E+00;    0.30223E+02;    0.20045E+01;    0.28386E+01;    0.17299E+02;    0.80012E+02;    0.89942E+00;    0.24736E+00;    0.19998E+02;    0.55590E+05;    0.25096E+02;    0.40962E+02;    0.88812E+00;    0.24478E-02;   -0.10509E-02;   -0.20986E-02;    0.38052E+00;normal
    0.20069E+02;    0.24995E+00;    0.30088E+02;    0.19934E+01;    0.28882E+01;    0.17074E+02;    0.80003E+02;    0.89828E+00;    0.24829E+00;    0.19979E+02;    0.56026E+05;    0.25598E+02;    0.40921E+02;    0.89209E+00;   -0.14101E-01;   -0.47409E-02;   -0.33921E-02;   -0.47397E+00;normal
    0.20044E+02;    0.25327E+00;    0.30103E+02;    0.19883E+01;    0.28481E+01;    0.17063E+02;    0.79913E+02;    0.89829E+00;    0.25432E+00;    0.20019E+02;    0.56414E+05;    0.25134E+02;    0.40585E+02;    0.88593E+00;   -0.21683E-01;    0.75869E-04;    0.47293E-02;   -0.76963E+00;normal
    0.20064E+02;    0.25045E+00;    0.30038E+02;    0.19929E+01;    0.28825E+01;    0.17166E+02;    0.79946E+02;    0.89002E+00;    0.24551E+00;    0.20010E+02;    0.55764E+05;    0.24901E+02;    0.40710E+02;    0.90140E+00;   -0.14825E-01;   -0.59544E-02;   -0.30470E-02;   -0.22668E+00;normal
    0.19859E+02;    0.25137E+00;    0.29870E+02;    0.20078E+01;    0.28611E+01;    0.17205E+02;    0.80091E+02;    0.89614E+00;    0.24639E+00;    0.19723E+02;    0.56404E+05;    0.25404E+02;    0.40513E+02;    0.90232E+00;    0.78326E-02;   -0.30038E-03;   -0.44647E-02;    0.27192E+00;normal
    0.19831E+02;    0.25040E+00;    0.30263E+02;    0.19899E+01;    0.28710E+01;    0.17268E+02;    0.79925E+02;    0.90157E+00;    0.25288E+00;    0.19879E+02;    0.55753E+05;    0.26160E+02;    0.40626E+02;    0.90404E+00;   -0.18649E-01;    0.76690E-02;   -0.12789E-02;   -0.35792E-01;normal
    0.20171E+02;    0.25373E+00;    0.29746E+02;    0.19849E+01;    0.28491E+01;    0.17207E+02;    0.79962E+02;    0.89604E+00;    0.25370E+00;    0.19931E+02;    0.56306E+05;    0.25482E+02;    0.40631E+02;    0.90270E+00;   -0.26022E-01;   -0.24256E-02;    0.25591E-02;   -0.44796E+00;normal
    0.19967E+02;    0.25151E+00;    0.29834E+02;    0.20062E+01;    0.28307E+01;    0.17099E+02;    0.79967E+02;    0.89714E+00;    0.24713E+00;    0.19719E+02;    0.56100E+05;    0.24789E+02;    0.40865E+02;    0.89296E+00;    0.61462E-02;   -0.51509E-02;   -0.94604E-03;   -0.19733E+00;normal
    0.20038E+02;    0.25198E+00;    0.30213E+02;    0.19995E+01;    0.28567E+01;    0.17130E+02;    0.79899E+02;    0.89751E+00;    0.24950E+00;    0.20024E+02;    0.56414E+05;    0.24949E+02;    0.40664E+02;    0.88851E+00;   -0.36551E-02;   -0.25779E-02;    0.71851E-03;   -0.22341E+00;normal
    0.19873E+02;    0.24920E+00;    0.30173E+02;    0.20060E+01;    0.28847E+01;    0.17187E+02;    0.79724E+02;    0.89736E+00;    0.25128E+00;    0.20190E+02;    0.56212E+05;    0.25109E+02;    0.40659E+02;    0.90072E+00;    0.57459E-02;   -0.10074E-02;    0.17564E-02;    0.22436E+00;normal
    0.19997E+02;    0.24983E+00;    0.30046E+02;    0.19862E+01;    0.28426E+01;    0.17185E+02;    0.80133E+02;    0.90973E+00;    0.24878E+00;    0.20365E+02;    0.55921E+05;    0.25229E+02;    0.40802E+02;    0.89016E+00;   -0.23689E-01;    0.10345E-01;   -0.12370E-02;   -0.48394E+00;normal
    0.19907E+02;    0.25033E+00;    0.29896E+02;    0.19956E+01;    0.28709E+01;    0.17033E+02;    0.79974E+02;    0.90148E+00;    0.25118E+00;    0.20044E+02;    0.56293E+05;    0.24741E+02;    0.40543E+02;    0.90775E+00;   -0.98772E-02;    0.52023E-02;    0.33449E-02;   -0.57282E+00;normal
    0.19987E+02;    0.25105E+00;    0.30134E+02;    0.19938E+01;    0.28741E+01;    0.17216E+02;    0.80105E+02;    0.90933E+00;    0.24997E+00;    0.20142E+02;    0.56277E+05;    0.25650E+02;    0.40798E+02;    0.90551E+00;   -0.12775E-01;    0.71766E-02;   -0.19425E-02;   -0.64535E-01;normal
    0.20119E+02;    0.24907E+00;    0.29965E+02;    0.19972E+01;    0.28473E+01;    0.17104E+02;    0.79927E+02;    0.90074E+00;    0.24920E+00;    0.19907E+02;    0.56056E+05;    0.25796E+02;    0.40775E+02;    0.89925E+00;   -0.74132E-02;    0.89167E-03;   -0.33671E-02;   -0.37377E+00;normal
    0.19967E+02;    0.24891E+00;    0.30020E+02;    0.20068E+01;    0.28613E+01;    0.17186E+02;    0.79894E+02;    0.90303E+00;    0.24787E+00;    0.20066E+02;    0.56720E+05;    0.25204E+02;    0.40176E+02;    0.89261E+00;    0.68368E-02;    0.12046E-01;   -0.20777E-02;    0.19807E+00;normal
    0.20083E+02;    0.25559E+00;    0.30181E+02;    0.20075E+01;    0.28492E+01;    0.17069E+02;    0.80155E+02;    0.89603E+00;    0.24580E+00;    0.19800E+02;    0.55628E+05;    0.25539E+02;    0.40735E+02;    0.90460E+00;    0.76829E-02;    0.56473E-03;   -0.56528E-02;   -0.16685E+00;normal
    0.20084E+02;    0.24992E+00;    0.29845E+02;    0.20023E+01;    0.28083E+01;    0.16996E+02;    0.79891E+02;    0.89699E+00;    0.24933E+00;    0.20162E+02;    0.55389E+05;    0.25057E+02;    0.40890E+02;    0.90041E+00;    0.18903E-03;   -0.17005E-03;    0.44258E-04;   -0.65617E+00;normal
    0.20115E+02;    0.25244E+00;    0.30027E+02;    0.20008E+01;    0.28773E+01;    0.17226E+02;    0.79713E+02;    0.90008E+00;    0.25634E+00;    0.20068E+02;    0.56279E+05;    0.25282E+02;    0.41047E+02;    0.90880E+00;   -0.22528E-02;   -0.79523E-02;    0.60517E-02;    0.20923E+00;normal
    0.20053E+02;    0.25273E+00;    0.29771E+02;    0.20050E+01;    0.28724E+01;    0.17256E+02;    0.80095E+02;    0.89517E+00;    0.24686E+00;    0.19872E+02;    0.56226E+05;    0.25043E+02;    0.40521E+02;    0.90712E+00;    0.34722E-02;   -0.42585E-04;   -0.23665E-02;    0.41221E+00;normal
    0.19508E+02;    0.24884E+00;    0.30039E+02;    0.19937E+01;    0.28427E+01;    0.17209E+02;    0.80054E+02;    0.90531E+00;    0.24753E+00;    0.19912E+02;    0.56638E+05;    0.25813E+02;    0.41144E+02;    0.90568E+00;   -0.13412E-01;   -0.79147E-02;   -0.51086E-02;   -0.16788E+00;normal
    0.19868E+02;    0.24624E+00;    0.30072E+02;    0.20002E+01;    0.28358E+01;    0.17082E+02;    0.79799E+02;    0.91455E+00;    0.24995E+00;    0.19930E+02;    0.56348E+05;    0.25366E+02;    0.40888E+02;    0.90329E+00;   -0.28089E-02;    0.97095E-02;   -0.71278E-03;   -0.36368E+00;normal
    0.20092E+02;    0.24865E+00;    0.30112E+02;    0.20029E+01;    0.28820E+01;    0.17358E+02;    0.80108E+02;    0.90053E+00;    0.24645E+00;    0.19970E+02;    0.55712E+05;    0.25093E+02;    0.40919E+02;    0.90759E+00;    0.89534E-03;    0.73865E-04;   -0.29979E-02;    0.69342E+00;normal
    0.19909E+02;    0.25044E+00;    0.29967E+02;    0.19994E+01;    0.28589E+01;    0.17163E+02;    0.80028E+02;    0.90260E+00;    0.24772E+00;    0.20052E+02;    0.56719E+05;    0.25566E+02;    0.40270E+02;    0.90589E+00;   -0.31677E-02;    0.93988E-02;   -0.38333E-02;   -0.45473E-01;normal
    0.19994E+02;    0.24611E+00;    0.29827E+02;    0.20066E+01;    0.28412E+01;    0.16917E+02;    0.79892E+02;    0.90673E+00;    0.25272E+00;    0.20059E+02;    0.56310E+05;    0.24974E+02;    0.40374E+02;    0.90710E+00;    0.76561E-02;    0.14301E-01;    0.37990E-02;   -0.63234E+00;normal
    0.19780E+02;    0.25030E+00;    0.30064E+02;    0.20056E+01;    0.28722E+01;    0.16855E+02;    0.79844E+02;    0.90238E+00;    0.25094E+00;    0.20028E+02;    0.56413E+05;    0.25488E+02;    0.40937E+02;    0.89237E+00;    0.57730E-02;   -0.41333E-02;   -0.27549E-03;   -0.76422E+00;normal
    0.20014E+02;    0.25115E+00;    0.29999E+02;    0.19864E+01;    0.28790E+01;    0.17104E+02;    0.79969E+02;    0.90397E+00;    0.25403E+00;    0.20282E+02;    0.56356E+05;    0.25059E+02;    0.40639E+02;    0.90541E+00;   -0.22660E-01;    0.49214E-02;    0.47768E-02;   -0.56190E+00;normal
    0.20030E+02;    0.25191E+00;    0.29777E+02;    0.19747E+01;    0.28829E+01;    0.17221E+02;    0.80156E+02;    0.89674E+00;    0.25049E+00;    0.20050E+02;    0.56725E+05;    0.25018E+02;    0.40920E+02;    0.91859E+00;   -0.41052E-01;   -0.11869E-01;    0.14539E-02;   -0.57226E+00;normal
    0.20123E+02;    0.25161E+00;    0.29846E+02;    0.20013E+01;    0.28376E+01;    0.17040E+02;    0.80091E+02;    0.90392E+00;    0.25023E+00;    0.20164E+02;    0.56583E+05;    0.24839E+02;    0.40691E+02;    0.89193E+00;   -0.12141E-02;    0.18457E-02;    0.19317E-02;   -0.45137E+00;normal
    0.20008E+02;    0.24989E+00;    0.30141E+02;    0.19877E+01;    0.28047E+01;    0.16970E+02;    0.80010E+02;    0.91168E+00;    0.24793E+00;    0.19869E+02;    0.56104E+05;    0.25344E+02;    0.40477E+02;    0.89536E+00;   -0.21610E-01;    0.18473E-01;   -0.26059E-02;   -0.11603E+01;normal
    0.20086E+02;    0.24975E+00;    0.30020E+02;    0.20134E+01;    0.28545E+01;    0.16991E+02;    0.80262E+02;    0.89278E+00;    0.25365E+00;    0.19689E+02;    0.56064E+05;    0.24699E+02;    0.40849E+02;    0.89616E+00;    0.16608E-01;   -0.88562E-02;    0.59590E-02;   -0.17755E+00;normal
    0.19936E+02;    0.24866E+00;    0.29882E+02;    0.19952E+01;    0.28349E+01;    0.17234E+02;    0.79793E+02;    0.90356E+00;    0.25130E+00;    0.20083E+02;    0.56577E+05;    0.26065E+02;    0.40771E+02;    0.90484E+00;   -0.10689E-01;   -0.36349E-03;   -0.24515E-02;   -0.52168E-01;normal
    0.19971E+02;    0.24853E+00;    0.29941E+02;    0.20003E+01;    0.28592E+01;    0.17040E+02;    0.79826E+02;    0.90364E+00;    0.24520E+00;    0.20514E+02;    0.56033E+05;    0.25077E+02;    0.40442E+02;    0.89254E+00;   -0.28864E-02;    0.11813E-01;   -0.41674E-02;   -0.42328E+00;normal
    0.19969E+02;    0.25095E+00;    0.29992E+02;    0.20005E+01;    0.28433E+01;    0.16954E+02;    0.79888E+02;    0.89567E+00;    0.24539E+00;    0.20140E+02;    0.56609E+05;    0.24887E+02;    0.40814E+02;    0.90455E+00;   -0.25858E-02;   -0.95158E-02;   -0.31153E-02;   -0.72595E+00;normal
    0.20039E+02;    0.24921E+00;    0.30087E+02;    0.19950E+01;    0.28544E+01;    0.17024E+02;    0.80077E+02;    0.90211E+00;    0.24938E+00;    0.20162E+02;    0.55586E+05;    0.25672E+02;    0.40674E+02;    0.88157E+00;   -0.10796E-01;    0.84050E-02;   -0.26298E-02;   -0.65043E+00;normal
